english,tamil_reference
Length,நீளம்
_Previous,முந்தைய (_P)
S22: Do not breathe dust,Please take the official translations! You find them here: http: // europa. eu. int/ eur- lex/ lex/ LexUriServ/ LexUriServ. do? uri=CELEX: 32001L0059: EN: HTML
All files need to be analysed to complete this operation.,இந்த செயலை பூர்த்தி செய்ய அனைத்து கோப்புகளையும் ஆராய வேண்டும்.
"Had We sent down upon you a book on paper, and they had touched it with their hands, those who disbelieve would have said, “This is nothing but plain magic.”","காகிதத்தில் (எழுதப்பட்ட) ஒரு வேதத்தையே நாம் உம் மீது இறக்கி வைத்து, அதனை அவர்கள் தம் கைகளால் தொட்டுப் பார்த்தபோதிலும், ""இது பகிரங்கமான சூனியத்தைத்தவிர வேறில்லை என்று அந்நிராகரிப்போர் நிச்சயமாக சொல்வார்கள்."
Right,& வலது
The way (to blame) is only against those who oppress men and revolt in the earth unjustly; these shall have a painful punishment.,"ஆனால் எவர்கள் மக்களுக்கு அநியாயம் செய்து நீதமின்றி பூமியில் அட்டூழியம் செய்கிறார்களோ, அவர்கள் மீது தான் (குற்றம் சுமத்த) வழியிருக்கிறது - இத்தகையோருக்கு நோவினை செய்யும் வேதனையுண்டு."
Maps,வரைபடங்கள்
Writing leadout,வெளிசெல்வதை எழுதுகிறது
Terrace,டெரெஸ்
Christmas Theme,Name=கிறிஸ்துமஸ் பொருள்
"Display video, audio and image preview",காட்சி ஒலி மற்றும் பிம்ப முன்பார்வை ஆகியவற்றை காட்டு
Free hand Draw non-linear lines,வெறும் கை பகுக்காத நேரான கோடுகளை வரையவும்
Delete,அழி
Status of Code Generation Progress,கோடு உருவாக்கு விருப்பங்கள்
Impossible to link plugin pads,சொருகி பாட் களை இணைப்பது இயலவே இயலாது
What's that supposed to mean?,என்று அர்த்தம் வேண்டும் என்ன?
Y position of window on screen according to X11,X11 சார்ந்து திரையில் சாளரத்தின் Y நிலை
Next,பக்கத்துக்கு பொருத்து
Street address,தெரு முகவரி
Type,வகை
"on, baby","இல்,குழந்தை"
Developer,உ உருவாக்குவோர்
San Cristóbal,venezuela. kgm
Whether pressing return causes the activate signal to be emitted,திரும்பவும் அழுத்துவதால் ஒதுக்கப்பட்ட சிக்னல் மீண்டும் செயல்படுத்துகிறது
We're gonna sell the house... Jim...,நாங்கள் வீட்டை விற்க போகிறேன் என்று...
"Praise be to Allah, Lord of the Worlds,","அனைத்துப்புகழும், அகிலங்கள் எல்லாவற்றையும் படைத்து வளர்த்துப் பரிபக்குவப்படுத்தும் (நாயனான) அல்லாஹ்வுக்கே ஆகும்."
And We made them tractable for them; so some of them make their mounts and some of them they eat.,"மேலும், அவற்றை அவர்களுக்குக் கீழ்படியுமாறு செய்துள்ளோம்; ஆகவே, அவற்றில் சிலவற்றின் மீது அவர்கள் ஏறிச்சவாரி செய்வதும் இருக்கிறது இன்னும் அவற்றிலிருந்து சிலவற்றைப் புசிக்கிறார்கள்."
Split track in a fixed number of parts,தடத்தை ஒரு குறித்த எண்ணிக்கை பகுதிகளாக பிரி
"And verily, for those who do wrong, there is a portion of torment like to the evil portion of torment (which came for) their likes (of old), so let them not ask Me to hasten on!","எனவே, அநியாயம் செய்து கொண்டிருப்போருக்கு, அவர்களுடைய தோழர்களுக்கு வேதனையிலிருந்து ஒரு பங்கு இருந்தது போல், ஒரு பங்கு நிச்சயமாக உண்டு ஆகவே, (தண்டனைக்காக) அவர்கள் என்னை அவசரப்படுத்த வேண்டாம்."
Fileshare Konqueror Directory Properties Page,Fileshare Konqueror அடைவு பண்புகளின் பக்கம்Comment
None,ஏதுமில்லை
"As for the ship, it belonged to certain poor men, who toiled upon the sea; and I desired to damage it, for behind them there was a king who was seizing every ship by brutal force.","""அம்மரக்கலம் கடலில் வேலை செய்யும் ஏழைகள் சிலருக்குச் சொந்தமானது எனவே நான் அதை (ஓட்டையிட்டு)ப் பழுதாக்க விரும்பினேன்; (ஏனெனில்) அவர்களுக்குப் பின்னால் (கொடுங்கோலனான) ஓர் அரசன் இருந்தான்; அவன் (பழுதில்லா) மரக்கலங்களையெல்லாம் பலவந்தமாக எடுத்துக் கொள்கிறான்."
six of clubs,க்ளப்ஸின் ஆறு
Distillation bridge,Alkali Metals:
document text,ஆவண உரை
& Tools,NAME OF TRANSLATORS
Lomnicky stit,"லாம்னிகி ஸ்டிட்City name (optional, probably does not need a translation)"
- He's hurt pretty bad.,- அவர் மோசமாக காயம்.
This business is killing him.,இந்த வணிக அவரை கொலை.
It wouldn't be improper for me to forward Ellen some money.,இது எனக்கு எல்லன் பணம் அனுப்ப வேண்டும் முறையற்ற முடியாது.
& Keyboard Layouts,& விசைப்பலகை உருவரைகள்
- You know what?,- உனக்கு என்ன தெரியும்?
"Okay, let's get one thing straight.","சரி, நம்ம ஒன்னு செய்யலாம்."
Brazil,பிரேசில்
When it does not behove the Merciful to have a son.,ஒரு குமாரனை எடுத்துக் கொள்வது அல்லாஹ்வுக்குத் தேவையில்லாதது.
That won't even get us one night's hotel room down there.,என்று கூட கீழே ஒரு இரவு விடுதியில் பெற முடியாது.
"Surely those who disbelieve spend their wealth to hinder (people) from the way of Allah; so they shall spend it, then it shall be to them an intense regret, then they shall be overcome; and those who disbelieve shall be driven together to hell.","நிச்சயமாக நிராகரிப்பவர்கள், அல்லாஹ்வின் பாதையை விட்டும் தடுப்பதற்காக தங்கள் செல்வங்களை செலவு செய்கின்றனர்; (இவ்வாறே அவர்கள் தொடர்ந்து) அவற்றை செலவு செய்து கொண்டிருப்பார்கள் - முடிவில் (அது) அவர்களுக்கே துக்கமாக அமைந்துவிடும்; பின்னர் அவர்கள் வெற்றி கொள்ளப்படுவார்கள்; (இறுதியில்) நிராகரிப்பவர்கள் நரகத்தில் ஒன்று சேர்க்கப்படுவார்கள்."
- What does she do in this video?,- அவர் இந்த வீடியோ என்ன செய்கிறார்? அவள் செல்கிறாள்-
Do not stop if an error occurs.,& கேட்பொலி கோப்புகளை வைத்திரு:
Copying audio track,ஒலி தடத்தை நகலெடுக்கிறது
Should Nautilus extension output debug statements,நாடுலஸ் நீட்சி வழு நீக்க அறிக்கைகளை வெளியிட வேண்டுமா
"No, you make a decision right now, Tony.","இல்லை, இப்போவே ஒரு முடிவெடுக்கணும், டோனி."
Yeah.,ஆமாம்.
Yes.,ஆமாம்.
Should Nautilus extension output debug statements,நாடுலஸ் நீட்சி வழு நீக்க அறிக்கைகளை வெளியிட வேண்டுமா
- Yeah.,- ஆமாம்.
"He said: Ye have chosen only idols instead of Allah. The love between you is only in the life of the world. Then on the Day of Resurrection ye will deny each other and curse each other, and your abode will be the Fire, and ye will have no helpers.","மேலும் (இப்றாஹீம்) சொன்னார்; ""உலக வாழ்ககையில் அல்லாஹ்வையன்றி (சிலரை) வணக்கத்திற்குரியவர்களாக நீங்கள் ஆக்கிக் கொண்டது (அவர்கள் மீது) உங்களிடையேயுள்ள நேசத்தின் காரணத்தினால்தான்; பின்னர் கியாம நாளன்று உங்களில் சிலர் சிலரை நிராகரிப்பார்கள்; உங்களில் சிலர் சிலரை சபித்துக் கொள்வர்; (இறுதியில்), நீங்கள் ஒதுங்குந்தலம் (நரக) நெருப்புத்தான்; (அங்கு) உங்களுக்கு உதவியாளர் எவருமில்லை.'"
AT-SPI Registry,AT-SPI பதிவேடு
Orientation,முன்வைப்பு
Pursue second mark.,இரண்டாவது குறி தொடர.
"and the Mount, Sinai,",'ஸினாய்' மலையின் மீதும் சத்தியமாக-
"And why should you not eat of that (meat) on which Allah's Name has been pronounced (at the time of slaughtering the animal), while He has explained to you in detail what is forbidden to you, except under compulsion of necessity? And surely many do lead (mankind) astray by their own desires through lack of knowledge. Certainly your Lord knows best the transgressors.","அல்லாஹ்வின் பெயர் கூறி (உங்களுக்கு அனுமதிக்கப்பட்டவற்றில்) அறுக்கப்பட்டதை நீங்கள் சாப்பிடாமலிருக்க என்ன (தடை) இருக்கிறது? நீங்கள் நிர்ப்பந்திக்கப்பட்டாலன்றி சாப்பிட உங்களுக்கு விலக்கப்பட்டவை எவை என்பதை அல்லாஹ் விவரித்துக் கூறியுள்ளான் - ஆனால் பெரும்பாலோர், அறியாமையின் காரணமாகத் தங்களுடைய மன இச்சைகளின் பிரகாரம் (மனிதர்களை) வழி கெடுக்கிறார்கள்; வரம்பு மீறிச்செல்பவர்களை நிச்சயமாக உம் இறைவன் நன்கு அறிகிறான்."
Accessible Table Row Description,அணுகக்கூடிய அட்டவணை நிரை விளக்கம்
You might have enjoyed it.,நீங்கள் அதை அனுபவித்து.
That-a-boy.,என்று ஒரு சிறுவன்.
KLatin,கேலத்தின்GenericName
Kalzium,அடர்த்தி:
& Browse...,பணிகள்/ மாறிகள்
Please add songs to the project.,தயவு செய்து திட்டத்துக்கு பாடல்களை சேர்க்கவும்.
Buffer Fill,பஃபரை நிரப்பு
He's been thinking about it for 20 years.,அவர் நினைத்து 20 ஆண்டுகளில் இது பற்றி.
Thanks for finding me a home.,என்னை ஒரு வீட்டில் கண்டுபிடித்து நன்றி.
Is much more than what was written.,Is much more than what was written.
"The duration of the stream, in seconds","ஸ்ட்ரெம்மின் கால அளவு, விநாடிகளில்"
Y coordinate of the anchor point,ஆங்கர் புள்ளிக்கான Y ஒருங்கமைப்பு
Move ~a onto the six of spades.,ஸ்பேடின் ஆறு மீது ~a ஐ நகர்த்து
Size,அளவு
Your emails,jvijay_ loyola@ hotmail. com
..it's nearly twenty thousand years old.,.. அது கிட்டத்தட்ட இருபது ஆயிரம் ஆண்டுகள் பழமையான .
Saeed Ali Hariri is being treated at his own residence.,சயித் ஹரிரி இருப்பது தனது சொந்த இல்லத்தில் சிகிச்சை.
Your emails,உங்கள் மின்அஞ்சல்கள்.
Electric,மின்Stencils
ZARTAN:,ZARTAN:
My arm ain't worth a damn.,என் கையில் எதுவும் தகுதியானவன் அல்ல.
Burn as _File,(_F) கோப்பாக எழுது
Plain,வரிசைRaised (HINT: for Frame Shadow)
Audacity,அடாசிடிGenericName
Kerala,நெதர்லாண்ட்ஸ்india. kgm
Your names,EMAIL OF TRANSLATORS
You're embarrassed about your friends? Huh?,நீங்கள் உங்கள் நண்பர்களை பற்றி தர்மசங்கடத்தில்?
Yeah.,ஆமாம்.
Or He could wreck them for what they have done; yet there is much that He pardons.,அல்லது அவர்கள் சம்பாதித்த காரணத்தினால் அவற்றை அவன் மூழ்கடிக்கச் செய்து விடுவான்; மேலும் அவன் பெரும்பாலானவற்றை மன்னித்தருளுகிறான்.
Time,நேரம்%Id%d
File,கோப்பு
Cursor Color,கர்சர் வண்ணம்
Thanks.,நன்றி.
Real Name:,வரிசை எண்
Concentric boxes with openings pointing in opposite directions,Name
"The hypocrites fear for a chapter being revealed regarding them, which may disclose what is hidden in their hearts; say, “Keep mocking; Allah will certainly disclose what you fear.”","முனாஃபிக்குகள் (நயவஞ்சகர்கள்) தம் உள்ளங்களில் மறைத்து வைத்திருப்பவற்றை அவர்களுக்கு உணர்த்திவிடக்கூடிய ஓர் அத்தியாயம் இறக்கி வைக்கப்படுமோ என அஞ்சுகிறார்கள் - (நபியே!) நீர் கூறும்; "" நீங்கள் பரிகாசம் செய்து கொண்டே இருங்கள். நீங்கள் அஞ்சிக் கொண்டிருப்பதை நிச்சயமாக அல்லாஹ் வெளிப்படுத்துபவனாகவே இருக்கின்றான்."""
Dot size,எறும்பு அளவு
Maximum number of samples lower than minimum number.,குறைவான எண்ணிக்கையை காட்டிலும் அதிகமானது அதிகபட்ச எண்ணிக்கை
Virtual desktop fourteen is selected,மெய்நிகர் மேல்மேசை பதினான்கு தேர்ந்தெடுக்கப்பட்டதுName
Simulation of CD copying,ப்ராஸரோ - சிடி பாவனையாக நகலெடுத்தல்
Accessible Table Row Description,அணுகக்கூடிய அட்டவணை நிரை விளக்கம்
An agent for debugging purpose,Name
The axis to align the position to,இடத்திற்கு அச்சினை ஒதுக்குகிறது
So what are you going to do... to do?,அதனால் நீங்கள் என்ன செய்ய போகிறீர்கள் ... செய்ய வேண்டும்?
"Each messenger said, ""What if I should bring you better guidance than what you found your forefathers had?"" They replied, ""We reject any message you have been sent with!""","(அப்பொழுது அத்தூதர்,) ""உங்கள் மூதாதையரை எதன்மீது நீங்கள் கண்டீர்களோ, அதை விட மேலான நேர்வழியை நான் உங்களுக்குக் கொண்டு வந்திருந்த போதிலுமா?"" என்று கேட்டார். அதற்கு அவர்கள்; ""நிச்சயமாக நாங்கள், எதைக்கொண்டு நீங்கள் அனுப்பப்பட்டிருக்கிறீர்களோ, அதை நிராகரிக்கிறோம்"" என்று சொன்hர்கள்."
Yeah.,ஆமாம்.
"My son, be steadfast in prayer. Make others do good. Prevent them from doing evil. Be patient in hardship. Patience comes from faith and determination.","""என் அருமை மகனே! நீ தொழுகையை நிலை நாட்டுவாயாக நன்மையை ஏவி, தீமையை விட்டும் (மனிதர்களை) விலக்குவாயாக உனக்கு ஏற்படும் கஷ்டங்களைப் பொறுத்துக் கொள்வாயாக் நிச்சயமாக இதுவே வீரமுள்ள செயல்களில் உள்ளதாகும்"
The drive is busy,இயக்கி வேலையில் உள்ளது
"Great plan, Thomas. ""Just hear what the man has to say. ""","கிரேட் திட்டம், தாமஸ். ""ஜஸ்ட் மனிதன் என்ன சொல்ல வேண்டும் என்று கேட்க."""
Assuredly in Yusuf and his brethren there have been signs for the inquirers.,நிச்சயமாக யுஸுஃபிடத்திலும் அவர்களுடைய சகோதரர்களிடத்திலும் (அவர்களைப் பற்றி) விசாரிப்பவர்களுக்கு பல படிப்பினைகள் இருக்கின்றன.
Keep the aspect ratio of the texture when requesting the preferred width or height,விருப்பமான அகலம் அல்லது உயரத்துடன் கோரும் போது அமைப்பின் தோற்ற விகிதத்தை வைத்திருக்கவும்
The profile was changed,The profile was changedName
Allow DAO use,டிஏஓ பயன்பாட்டை அனுமதி
Open the specified project,குறிப்பிட்ட திட்டத்தை திற
"Good afternoon, ladies and gentlemen, and welcome to Delancy's.","வணக்கம், பெண்கள் மற்றும் தாய்மார்களே, மற்றும் Delancy இன் வரவேற்கிறேன்."
Thank God.,கடவுளுக்கு நன்றி.
Release,விடுவி
By Size,அனுப்புநர்/ பெறுநர்
"""And do not disgrace me. Have some fear of God.""","""அல்லாஹ்வுக்கு அஞ்சுங்கள். என்னைக் கேவலப்படுத்தி விடாதீர்கள்"" என்றும் கூறினார்."
Specify file containing saved configuration,சேமித்த வடிவமைப்பு உள்ள கோப்பை குறிப்பிடுக
Type,வகை
One of soundness. And he rose to [his] true form,"(அவர்) மிக்க உறுதியானவர், பின்னர் அவர் (தம் இயற்கை உருவில்) நம் தூதர் முன் தோன்றினார்."
Yeah.,உள்ளது.
"Certainly We favoured Moses and Aaron,","மேலும், மூஸா, ஹாரூன் ஆகியவர்கள் மீதும் நாம் நிச்சயமாக அருள் புரிந்தோம்."
General,பொது
- Yes.,- ஆம்.
Properties,தேர்ந்தெடுக்கபட்ட கோப்புகள்
WEAVING GIRL,Constellation name (optional)
Home Address,இல்ல முகவரி
X,X
Lara..,லாரா ..
Template name or match name to look for,பார்கக வேண்டிய வார்ப்புரு பெயர் அல்லது பொருத்து பெயர்.
Recording audio tracks on a rewritable disc is not advised.,ஒலி தடங்களை மீண்டும் எழுதக்கூடிய வட்டுகளில் பதிப்பது உசிதமல்ல.
Address Book Association,புதிய முகவரி புத்தக உள்ளீடு
Lower selected objects,தேர்ந்தெடுத்த பொருட்களை கீழ் வைக்க
"No, I'm in the middle of something.","இல்லை, நான் ஏதாவது நடுத்தர இருக்கிறேன்."
Hello?,ஹலோ ?
"""%s"" is busy.","""%s"" வேலையாக உள்ளது"
Your names,_: NAME OF TRANSLATORS tamilpcteamEMAIL OF TRANSLATORS
The depth (in number of bits) of the pixmap bound to this texture,இந்த அமைப்பிற்கு பிணைக்கப்படும் பிக்ஸ்மேப்பின் ஆழம் (பிட்டுகளின் எண்ணிக்கையில்)
& Mike. McBride;,& Mike. McBride;
They will know tomorrow who the wicked liar is.,"""ஆணவம் பிடித்த பெரும் பொய்யர் யார்?"" என்பதை நாளைக்கு அவர்கள் திட்டமாக அறிந்து கொள்வார்கள்."
"When the prince woke up again, he found the old dervish's clothes in the sand.",அந்த இளவரசன் நினைவு மீண்டு வந்தபோது அவன் அந்த வயதான துறவியோட உடைகளை கண்டான். அந்த மணலில்.
Trained my entire life..,என் வாழ்நாள் முழுவதும் பயிற்சி ..
The TRIMMEAN() function calculates the mean of a data set's fraction.,The DEVSQ ()
The name of the property to animate,மெட்டாவின் பெயர்
CREDIT_FOR_TRANSLATORS,மொழிப்பெயர்ப்பாளர்களது பொறுப்புகள்
I got scythes.,நான் scythes கிடைத்தது.
Mail,அஞ்சல்
Not saved.,கோப்பு
Device,இயக்கி
And why should that be a security concern?,ஏன் என்று இருக்க வேண்டும் ஒரு பாதுகாப்பு கவலை?
"It is He who keeps you alive in your sleep at night and knows all that you do during the day. He wakes you up from your sleep to complete your worldly life, after which you will all return to Him. He will let you know all about what you had done in your worldly life.",அவன் தான் இரவில் உங்களை மரிக்கச் செய்கிறான்; இன்னும் நீங்கள் பகலில் செய்தவற்றையெல்லாம் அறிகிறான்; மீண்டும் உங்களைக் குறிப்பிட்டதவணை முடிப்பதற்காக பகலில் எழுப்புகிறான்; பின்னர் உங்களுடைய (இறுதி) மீட்சி அவனிடமே இருக்கிறது அப்பால் நீங்கள் (இவ்வுலகில்) செய்து கொண்டிருந்ததை அவன் உங்களுக்கு அறிவிப்பான்.
Really?,உண்மையில்?
Saturation,ஸாச்சுரேஷன்
Traces,தடயம்
Parameter name:,முன்னது
Not Nepal (Zones),% 1 தலைநகர்... nepal_ zones. kgm
General,பொது
Do you really want to blank the current disc?,நீங்கள் உறுதியாக நடப்பு வட்டை அழிக்க விரும்புகிறீர்களா?
That's what life is about!,பற்றி வாழ்க்கை என்ன என்று !
Think they believed a word of it?,அவர்கள் ஒரு வார்த்தை என்று நினைக்க?
Taurag ė,lithuania_ municipalities. kgm
Please select a toolbar:,தயவு செய்து கருவிப்பட்டியலை தேர்வு செய்.
"What! They dare say that “He has fabricated it”? Say, “Then bring one chapter like it and, other than Allah, call everyone you can if you are truthful.”","இதை (நம் தூதராகிய) அவர் கற்பனை செய்து கொண்டார் என அவர்கள் கூறுகின்றார்களா? (நபியே!) நீர் கூறும்; ""நீங்கள் (உங்கள் கூற்றில்) உண்மையாளர்களாக இருந்தால், இதிலுள்ளதைப் போல் ஓர் அத்தியாத்தைக் கொண்டு வாருங்கள்; அல்லாஹ்வையன்றி உங்களால் சாத்தியமானர்வகளை (உங்களுக்கு உதவி செய்ய) அழைத்துக் கொள்ளுங்கள்!"" என்று."
Subject,பொருள்
Video resolution,வீடியோ தெளிதிறன்
Rotate,சுற்று
On her lunch break?,-அவளின் உணவு இடைவேளையிலா?
The maximum depth drawn in the chart from the root,வரைபடத்தில் மூலத்தில் இருந்து வரையப்படும் அதிகபட்ச ஆழம்.
Error while padding file (%s),பிழை கோப்பு (%s) ஐ பதிய வைப்பதில்
Settings,அமைப்புகள்
_Edit,திருத்து (_E)
..your father our foremost scientist.,.. உங்கள் தந்தை எங்கள் முன்னணி விஞ்ஞானி .
Failure to participate will be considered an act of war.,பங்கேற்க தோல்வி போர் செயல் கருத முடியும்.
Remove the fours,நான்குகளை நீக்கு
Whether the direction should be reversed when reaching the end,முனையை அடையும் போது திசை தலைகீழாக இருந்தால்
No silence could be detected,நிசப்தம் எங்கும் காணவில்லை
"The law firm Leman Brothers currently in bankruptcy billed over 850 million in legal fees, in addition for billing in massage and lobster dinners.","தற்போது திவால் சட்டம் நிறுவனம் Leman பிரதர்ஸ் சட்ட கட்டணங்கள் 850 மில்லியனுக்கும் மேற்பட்ட படியாக, மசாஜ் மற்றும் இரால் இரவு நேரத்தில் பில்லிங் கூடுதலாக."
Thanks.,நன்றி.
"and clustered bananas,",(நுனி முதல் அடிவரை) குலை குலையாகப் பழங்களுடை வாழை மரத்தின் கீழும்:
Salmon,"சால்மன்City name (optional, probably does not need a translation)"
Whether to use the min-height property,குறைந்தபட்ச உயர பண்பை பயன்படுத்தவா
Federally Administered Tribal Areas,pakistan. kgm
Type,ஜெர்மன்
Burn as _File,(_F) கோப்பாக எழுது
Default,& முன்னிருந்தUnderline Style
In return for my efforts..,என் முயற்சிகள் பதிலாக ..
..accomplishing wonders.,.. அதிசயங்கள் நிறைவேற்றும் .
& Priority:,& முன்னுரிமை
HEY. - ( gunshot ),- (துப்பாக்கி சூட்டு)
And with them will be maidens of equal age with modest gaze.,"அவர்களுடன் கீழ்நோக்கிய பார்வையும், ஒரே வயதுமுடைய அமர கன்னிகைகளும் இருப்பார்கள்."
No silence could be detected,நிசப்தம் எங்கும் காணவில்லை
10-20...,10-20.
"""Move, motherfuckers!",""" தள்ளுங்கள், motherfuckers!"
Not bothering a soul.,ஒரு ஆன்மா கவலைப்படாமல் .
"libisofs reported an error while adding contents to directory ""%s"" (%x)","அடைவு ""%s"" இல் உள்ளடக்கங்கள் சேர்க்கும்போது ஒரு பிழையை லிப்ஐசோஃஎப்எஸ் அறிவித்தது (%x)"
Desktop %1,வரியில் உள்ள சின்னங்களை பெயர் மாற்று
Only load data since last sync,கடைசி ஒத்து நிகழ்தல் வரையிலும் தகவலை மட்டும் ஏற்றூ
"- Yeah, I hear you.","- ஆமாம், நான் நீங்கள் கேட்க."
Vertical Expand,செங்குத்து விரிவாக்கம்
An internal error occurred,ஒரு உள்ளமை பிழை நேர்ந்தது
Cancel ongoing burning,நடப்பு எழுதுதலை ரத்து செய்
"Well, we've got euros to spare.","சரி, நாம் விட்டுவைக்க யூரோக்கள் கிடைத்துவிட்டது."
The number of horizontal tiles,கிடைமட்ட ஓடுகளின் எண்ணிக்கை
SMB ports:,எஸ். எம். பி. முனையங்கள்:
Language,மொழி
Name,பெயர்
"BITAND, BITOR, BITXOR, BITLSHIFT, BITRSHIFT",Name
Critical error: Unable to collect mail:,சிக்கலான பிழை: அஞ்சல் சேகரிக்க முடியவில்லை: லை?)
Whether to use the natural-height property,இயற்கை உயர பண்பை பயன்படுத்தவா
If you love..,நீங்கள் விரும்பினால் ..
"Those who spend (benevolently) in ease as well as in straitness, and those who restrain (their) anger and pardon men; and Allah loves the doers of good (to others).","(பயபக்தியுடையோர் எத்தகையோர் என்றால்,) அவர்கள் இன்பமான (செல்வ) நிலையிலும், துன்பமான (ஏழ்மை) நிலையிலும் (இறைவனின் பாதையில்) செலவிடுவார்கள்;. தவிர கோபத்தை அடக்கிக் கொள்வார்கள். மனிதர்(கள் செய்யும் பிழை)களை மன்னிப்போராய் இருப்பார்கள். (இவ்வாறு அழகாக) நன்மை செய்வோரையே அல்லாஹ் நேசிக்கின்றான்."
Who knows?,யாருக்குத் தெரியும்?
The priority value for the plugin,சொருகிக்கான முன்னுரிமை மதிப்பு
Language,மொழி
Maximum size:,@ info: whatsthis
Do you have a reservation with us this evening?,இந்த மாலை எங்களுக்கு ஒரு இட ஒதுக்கீடு இருக்கிறதா?
"""Place of birth,","""பிறந்த இடத்தில்"
Yeah.,ஆமாம்.
Which type of chart should be displayed.,எந்த மாதிரி விளக்க அட்டவணை தெரிய வேண்டும்?
GNOME Games web site,க்னோம் விளையாட்டு வலையகம்
Two Staples,இரண்டு இணைப்புகள்
Your names,_: NAME OF TRANSLATORS tamilpc teamEMAIL OF TRANSLATORS
So in their footsteps they are being hastened on.,"ஆகையால், அவர்களுடைய அடிச்சுவடுகள்மீதே இவர்களும் விரைந்தார்கள்."
"Sponsored Cooley's anemia foundation.""","விளம்பரதாரர்: கூலி இரத்த சோகை அறக்கட்டளை ""."
Send,பாணி
Enter toolbar name:,கருவிப்பட்டியல் பெயரை அனுமதி
the ten of diamonds,டைமண்டின் பத்து
Unrecognized launch option: %d,இனம் காணாத துவக்க தேர்வு: %d
Mode:,பயன்முறை:
I know what a dictionary is. Thank you.,"நான் அகராதி தெரியும், நன்றி,"
Hurt me,12 மணி நேரம்
Hue,சாயல்
Name:,பெயர்:
growisofs burning suite,க்ரோஐசோஃஎப்எஸ் எழுதும் தொகுதி
Unrecognized launch option: %d,அடையாளம் காண இயலாத துவக்க தேர்வு : %d
Imperia,ஸ்விட்ஸர்லாண்ட்italyprovince. kgm
page tab list,பக்கத் தத்தல் பட்டியல்
Yeah.,ஆமாம்.
& Copy Global Templates,மேலெழுது
"And if we cause man to taste some mercy from Us and afterward withdraw it from him, lo! he is despairing, thankless.","நாம் நம்மிடமிருந்து நற்கிருபையை மனிதன் சுவைக்கும்படிச் செய்து, பின்பு அதனை அவனை விட்டும் நாம் நீக்கி விட்டால், நிச்சயமாக அவன் நிராசைப்பட்டு பெரும் நன்றி கெட்டவனாகி விடுகின்றான்."
"Nor had he numbers to help him against Allah, nor was he able to deliver himself.","மேலும், அல்லாஹ்வையன்றி, அவனுக்கு உதவி செய்யும் கூட்டத்தார் எவரும் அவனுக்கு இருக்கவில்லை ஆகவே, அவன் (இவ்வுலகில்) எவராலும் உதவி செய்யப்பட்டவனாக இல்லை."
_About,_பற்றி
"""And ordain for us that which is good, in this life and in the Hereafter: for we have turned unto Thee."" He said: ""With My punishment I visit whom I will; but My mercy extendeth to all things. That (mercy) I shall ordain for those who do right, and practise regular charity, and those who believe in Our signs;-","""இன்னும் இவ்வுலகத்திலும், மறுமையிலும் எங்களுக்கு (அழகிய) நன்மைகளையே விதித்தருள்வாயாக! நிச்சயமாக நாங்கள் உன்னையே முன்னோக்குகிறோம்"" (என்றும் பிரார்த்தித்தார்). அதற்கு இறைவன், ""என்னுடைய அருளானது எல்லாப் பொருள்களிலும் (விரிந்து, பரந்து) சூழ்ந்து நிற்கிறது எனினும் அதனை பயபக்தியுடன் (பேணி) நடப்போருக்கும், (முறையாக) ஜகாத்து கொடுத்து வருவோருக்கும் நம்முடைய வசனங்களை நம்புகிறவர்களுக்கும் நான் விதித்தருள் செய்வேன்"" என்று கூறினான்."
"DMIN(A1: C5; ""Salary""; A9: A11)","DMIN( A1: C5; ""Salary""; A9: A11)"
What are you gonna do with the fucking painting? !,நீங்கள் fucking ஓவியம் கொண்டு என்ன செய்ய போகிறேன் என்று?
Angle z tilt,z தலைப்பு கோணம்
"Burns, blanks and formats CDs and DVDs",சிடி க்கள் மற்றும் டிவிடி க்கள் எழூத வேற்றாக்க மற்றும் ஒழுங்கு செய்ய
WOMAN'S BED,Constellation name (optional)
OnDblClick:,இருசொடுக்கு:
New image file,புதிய தத்தல் கோப்பு
Configure Access to Repositories,தகவல்களுக்கு அமைப்பு ஏற்கப்பட்டது
No hint available right now,இப்போது எந்த உதவிக் குறிப்பும் இல்லை
"She said, “My Lord, how can I have a child, when no man has touched me?” He said, “It will be so. God creates whatever He wills. To have anything done, He only says to it, ‘Be,’ and it is.”","(அச்சமயம் மர்யம்) கூறினார்; ""என் இறைவனே! என்னை ஒரு மனிதனும் தொடாதிருக்கும்போது எனக்கு எவ்வாறு ஒரு மகன் உண்டாக முடியும்?"" (அதற்கு) அவன் கூறினான்; ""அப்படித்தான் அல்லாஹ் தான் நாடியதைப் படைக்கிறான். அவன் ஒரு காரியத்தைத் தீர்மானித்தால், அவன் அதனிடம் 'ஆகுக' எனக்கூறுகிறான், உடனே அது ஆகி விடுகிறது."""
"Oh, my God.","ஓ, என் கடவுள்."
Thanks.,நன்றி .
"Do they not see that Allah, who created the heavens and the earth and [who] was not exhausted by their creation, is able to revive the dead? Yes, indeed He has power over all things.","வானங்களையும், பூமியையும் படைத்து அவற்றின் படைப்பால் எவ்வித சோர்வுமின்றி இருக்கின்றானே அல்லாஹ் அவன் நிச்சயமாக மரித்தோரை உயிர்ப்பிக்கும் ஆற்றலுடையவன்; ஆம்! நிச்சயமாக அவன் எல்லாப் பொருள்கள் மீதும் பேராற்றலுடையவன் என்பதை அவர்கள் பார்க்கவில்லையா?"
Your mother and I foresaw the coming calamity..,"உங்கள் அம்மா, நான் foresaw வரவிருக்கும் பேராபத்து .."
VioletRed,ஹாட் பிங்க்color
Find out in our full report right after the break.,வலதுஇடைவெளிக்குபின்னர்எங்கள்முழு அறிக்கை ல் கண்டுபிடி
Art inspired by real Japanese Mahjongg tiles,Name
Never,ஒருபோதுமில்லை
Should Nautilus extension output debug statements,நாடுலஸ் நீட்சி வழு நீக்க அறிக்கைகளை வெளியிட வேண்டுமா
- What happened?,- என்ன நடந்தது?
E_ject,(_j) வெளியேற்று
Start,துவக்கு
Ronnie Earl's late.,ரோனி ஏர்ல் நேரமாகிவிட்டது.
The number of horizontal tiles,கிடைமட்ட ஓடுகளின் எண்ணிக்கை
"Ex-wife, Leroy!","முன்னாள் மனைவி, லெராய்!"
Strange,வித்தியாசமான
Copying audio track,ஒலி தடத்தை நகலெடுக்கிறது
The height of the pixmap bound to this texture,இந்த அமைப்பிற்கு பிணைக்கப்படும் பிக்ஸ்மேப்பின் உயரம்
Tidings containing a deterrent have come to them,அச்சுறுத்தலுள்ள பல செய்திகள் திடமாக (முன்னரே) அவர்களிடம் வந்திருக்கின்றன.
Sh... - ♪ If your windows and doors ♪,என்னுடைய விளம்பரம்.
"While mullahs, ayatollahs, they get rich.","முல்லாக்கள் அயத்துல்லாக்களின் போது, அவர்கள் பணக்கார கிடைக்கும்."
Keep Below Others,மற்றவைகளை கீழே வை
Data disc (%s),தரவு வட்டு (%s)
Kill or stop etc a process,Description
"You remember, okay--","நீங்கள் நினைவில், சரி -"
TND,TND
S43: In case of fire use... (indicate in the space the precise type of fire-fighting equipment. If water increases the risk add - Never use water),Please take the official translations! You find them here: http: // europa. eu. int/ eur- lex/ lex/ LexUriServ/ LexUriServ. do? uri=CELEX: 32001L0059: EN: HTML
"No, it's not too forward.","இல்லை, அது மிக முன்னோக்கி தான்."
Without your helmet..,உங்கள் ஹெல்மெட் இல்லாமல் ..
Session management options:,அமர்வு மேலாண்மை தேர்வுகள்:
"We gave the Book to the Israelites, the commandments, and prophethood, granted them pure sustenance, and gave them preference above all people.","நிச்சயமாக நாம், இஸ்ராயீலின் சந்ததியினருக்கு வேதத்தையும், அதிகாரத்தையும், நுபுவ்வத்தையும் கொடுத்தோம்; அவர்களுக்கு மணமான உணவு (வசதி)களையும் கொடுத்தோம் - அன்றியும் அகிலத்தாரில் அவர்களை மேன்மையாக்கினோம்."
Your emails,vasee@ ieee. org
Good night.,குட் நைட்.
"Faith, go!","நம்பிக்கை, போ!"
The color of the rectangle,நீள்சதுரத்தின் வண்ணம்
Castilian Spanish Male,குரல் கோப்பு - Hadifix சொருகுப்பொருள்
Yeah.,ஆமாம்.
Universal,பொதுவான@ item Text character set
GEAC:,"ஏன் மீண்டும் அறைகள் எடுத்து கொள்ள கூடாது, நான் அவரை சமாளிக்க முடியும். GEAC:"
Your names,பிரபு EMAIL OF TRANSLATORS
_Statusbar,_S நிலைப்பட்டை
Undefined,அடைப்புக்குறியிடப்பட்ட
Mongolian,மொங்கோலியன்Name
Line wrap,வரி மடிப்பு
Title,தலைப்பு
Start,ம்றுபடியும் துவங்கு@ action: button
Zulia,venezuela. kgm
Name,இந்த தனிமம்% 1 ஆண்டில் கண்டுபிடிக்கப்பட்டுள்ளது
Like the example of those who were before them not long ago – they tasted the evil result of their deeds; and for them is a painful punishment.,"இவர்களுக்கு முன்னர் (காலத்தால்) நெருங்கி இருந்த சிலரைப் போன்றே (இவர்களும் இருக்கின்றனர்) அவர்கள் தம் தீய செயல்களுக்குரிய பலனை அனுபவித்தனர், அன்றியும், அவர்களுக்கு (மறுமையில்) நோவினை செய்யும் வேதனையுமுண்டு."
Right,வலது:
I'm gonna be the best I can be.,நான் இருக்க முடியும் சிறந்த இருக்க போகிறேன்.
Your emails,"t_ vasee@ yahoo. com, prabu_ anand2000@ yahoo. com"
"There are (varying) grades with Allah, and Allah sees what they do.",அல்லாஹ்விடத்தில் அவர்களுக்குப் பல நிலைகள் உள்ளன - இன்னும் அல்லாஹ் அவர்கள் செய்பவை அனைத்தையும் பார்ப்பவனாகவே இருக்கின்றான்.
I know.,எனக்கு தெரியும்.
Orientation,நிலை அமைப்பு
Drop an image or HTML file,தோற்றம் அல்லது HTML கோப்பினை விடு
But the plot didn't end there.,ஆனால் சதி விட்டு விடவில்லை.
"We sent Noah to his people, “I am to you a clear warner.”","நிச்சயமாக நாம் நூஹை அவருடைய சமூகத்தாரிடம் அனுப்பி வைத்தோம்; அவர் (அவர்களை நோக்கி) ""நிச்சயமாக நான் உங்களுக்கு பகிரங்கமாக அச்சமூட்டி எச்சரிக்கை செய்பவன்."""
For all that they used to do.,"அவர்கள் செய்து கொண்டிருந்த (எல்லாச்) செயல்களைப் பற்றியும், (நாம் விசாரிப்போம்)."
Status,நிலை
Port Rotation,சுழற்றல் துறை
"The Pharaoh and his people had also received Our warning,",ஃபிர்அவ்னின் கூட்டத்தாருக்கும் அச்சமூட்டும் எச்சரிக்கைகள் வந்தன.
Press %1 while ScrollLock is active,உருளல் பூட்டு செயலில் இருக்கும்போது% 1ஐ அழுத்து
Whether the current stream is seekable,தற்போதைய ஸ்ட்ரெம் தேடக்கூடியதாக இருந்தால்
BACK COVER,BACK COVER
Attach,இணைப்பு
Our job is not to remember.,எங்கள் வேலை நினைவில் இல்லை.
I'm innocent.,நான் அப்பாவி.
Save as custom session,தனிப்பட்ட அமர்வை காக்கNAME OF TRANSLATORS
"Did you really think you could travel 150 miles, make three visits to a neurological clinic under a false identity, give blood, leave fingerprints and not have us find out about it?","நீங்கள் உண்மையில் யோசித்துப் நீங்கள் 150 மைல்கள் பயணிக்க முடியும், ஒரு நரம்பியல் மூன்று வருகைகள் செய்ய ஒரு தவறான அடையாளத்தின் கீழ் மையம், கைரேகைகள் விட்டு, உன்னோடு எங்களுக்கு அது பற்றி கண்டுபிடிக்க இல்லை?"
"Come on, we got to move!","வாருங்கள், நாம் நகர்த்த வேண்டும்!"
Port,முனையம்
Lilongwe,கீழ் சக்ஸோனிworld. kgm
Subsystem...,நிலை
"Verily it is We Who have revealed the Book to thee in Truth: so serve Allah, offering Him sincere devotion.","(நபியே!) நிச்சயமாக நாம் உமக்கு உண்மையைக் கொண்டு இவ்வேதத்தை இறக்கியருளினோம், ஆகவே, மார்க்கத்திற்கு அந்தரங்க சுத்தியுடையவராக நீர் அல்லாஹ்வை வணங்குவீராக."
- No.,- இல்லை.
CD/DVD Creator Folder,குறுவட்டு/டிவிடிஉருவாக்கி அடைவு
Let's go.,போகலாம்.
Medium,நடுநிலைமை
I think there's been a mix-up.,- எதோ தவறு நடந்திருச்சு போல.
Open a project,ஒரு திட்டத்தை திற
SINGLE-LOG BRIDGE,Constellation name (optional)
You'd like to set up a task force?,நீங்கள் ஒரு பணிக்குழுவை அமைக்க விரும்புகிறேன்?
"And I say not unto you that with me are the treasures of Allah, nor that I know the Unseen; nor I say, I am an angel. And say not of those whom your eyes condemn that Allah shall not bestow on them good - -Allah knoweth best that which is in theeir souls. Verily in that case would be of the wrong-doers.","""அல்லாஹ்வுடைய பொக்கிஷங்கள் என்னிடம் இருக்கின்றன என்று நான் உங்களிடம் கூறவில்லை; மறைவானவற்றை நான் அறிந்தவனுமல்லன், நிச்சயமாக நான் ஒரு மலக்கு என்றும் நான் கூறவில்லை; எவர்களை உங்களுடைய கண்கள் இழிவாக நோக்குகின்றனவோ, அவர்களுக்கு அல்லாஹ் யாரொரு நன்மையும் அளிக்கமாட்டான் என்றும் நான் கூறவில்லை; அவர்களின் இதயங்களில் உள்ளதை அல்லாஹ்வே நன்கு அறிந்தவன் (இவ்வுண்மைகளுக்கு மாறாக நான் எதுவும் செய்தால்) நிச்சயமாக நானும் அநியாயக்காரர்களில் ஒருவனாகி விடுவேன்"" (என்றும் கூறினார்)."
Bad argument,தவறான துணையலகு
Your emails,"sshanmu@ yahoo. com, omathiss@ hotmail. com, tvasee@ usa. net, ma_ sivakumar@ hotmail. com"
Hue,சாயல்
Score:,மதிப்பெண்:
The height of the assistant window.,முக்கிய சாளரத்தின் உயரம்
"""We only feed you for the sake of God and we do not want any reward or thanks from you.","""உங்களுக்கு நாங்கள் உணவளிப்பதெல்லாம், அல்லாஹ்வின் முகத்திற்காக (அவன் திருப்பொருத்தத்திற்காக); உங்களிடமிருந்து பிரதிபலனையோ (அல்லது நீங்கள்) நன்றி செலுத்த வேண்டுமென்பதையோ நாங்கள் நாடவில்லை"" (என்று அவர்கள் கூறுவர்)."
Split Mode (Auto Split),பிரிப்பு வகை (தானாக பிரித்தல்)
General,பொதுவாக
"By Allah, We indeed sent (Messengers) to the nations before you (O Muhammad SAW), but Shaitan (Satan) made their deeds fair-seeming to them. So he (Satan) is their Wali (helper) today (i.e. in this world), and theirs will be a painful torment.","அல்லாஹ்வின் மீது சத்தியமாக, உமக்கு முன்னிருந்த வகுப்பார்களுக்கும் நாம் (தூதர்களை) அனுப்பிவைத்தோம் - ஆனால் ஷைத்தான் அவர்களுக்கு அவர்களுடைய (தீய) செயல்களையே அழகாக்கி வைத்தான் - ஆகவே இன்றைய தினம் அவர்களுக்கும் அவனே உற்ற தோழனாக இருக்கின்றான் - இதனால் அவர்களுக்கு நோவினை செய்யும் வேதனையுண்டு."
Tools,கருவிகள்
"And they used to hew out dwellings from the hills, (wherein they dwelt) secure.","அச்சமற்றுப் பாதுகாப்பாக வாழலாம் எனக்கருதி, அவர்கள் மலைகளைக் குடைந்து வீடுகளை அமைத்துக் கொண்டார்கள்."
"Disdaining ungratefully Our gifts, and giving themselves up to (worldly) enjoyment! But soon will they know.","அவர்கள், நாம் அவர்களுக்கு அளித்துள்ளவற்றுக்கு மாறு செய்து கொண்டு, (இவ்வுலகின் அற்ப) சுகங்களை அனுபவிக்கட்டும் - ஆனால் (தம் தீச்செயல்களின் பயனை) அறிந்து கொள்வார்கள்."
Decrypt file(s),விசைகள் அழிக்கப்படுகின்றன...
Retrieving DVD keys,டிவிடிவிசைகளை மீட்டெடுக்கிறது.
Surface height,மேற்பரப்பு உயரம்
"Transcoding ""%s""",(%s) ஐ வேறு குறியாக்குகிறது
What kind of father does that make you?,நீ என்ன மாதிரியான அப்பா நீ இருப்பாய்?
Text Direction,உரை திசை
"excruciating, takes over an hour.",தாங்கமுடியாத ஒரு மணி நேரத்திற்கு மேல் ஆகிறது.
File,கோப்பு
- Yes.,- ஆம்.
- Bharti.,பார்தி.
Confirmation,உறுதிப்படுத்தல்
list,பட்டியல்
Thiswillbe dangerclose.,இந்தdangercloseஇருக்கும்.
Specify Location,இடத்தைக் குறிப்பிடு
"Is He, then, who creates like him who does not create? Will you not, then, take heed?","(அனைத்தையும்) படைக்கிறானே அவன், (எதையுமே) படைக்காத (நீங்கள் வணங்குப)வை போலாவானா? நீங்கள் (இதையேனும்) சிந்திக்க வேண்டாமா?"
Name,பெயர்
No file filtered,கோப்பு ஏதும் வடிகட்டப்படவில்லை
Rendering quality used when drawing the texture,அமைப்பை வரையும் போது தரத்தை வழங்கும் போது பயன்படுத்தப்பட்டது
Delete,நீக்கு
..looking for signs of life.,..வாழ்க்கைஅறிகுறிகள்தேடும்.
- Morel wants some more whisky. - All right.,- Morel இன்னும் சில விஸ்கி விரும்புகிறது.
"Tower, we're going offline soon, but drones are already mobile and executing.","டவர்,நாம்விரைவில்தான்போகிறோம் , ஆனால்ட்ரான்ஸ்ஏற்கனவே மொபைல் மற்றும் நிறைவேற்றி உள்ளன"
Your names,EMAIL OF TRANSLATORS
File %1 does not exist,்பு% 1 எனும் கோப்பு இல்லை.
Argentina,ஆர்சென்டினாName
- and a cup of coffee.,- மற்றும் ஒரு கப் காபி.
Close,அனைத்தையும் மூடு
Yes.,ஆமாம்.
Copying audio track,ஒலி தடத்தை நகலெடுக்கிறது
We got to let loose.,நாங்கள்அனுமதிக்கவேண்டும்தளர்வான
"All right, look, we're not going to let a couple of seagulls ruin our moment.",சரி இந்த கடல்பறவைங்க நம்மோட இந்த நேரத்த வீணாக்கவிட வேண்டாம்.
Why?,ஏன்?
About,அறிக்கை
Prince Edward Island,"பிரின்ஸ் எட்வர்ட் தீவுCity name (optional, probably does not need a translation)"
Your emails,jvijay_ loyola@ hotmail. com
Rooftops,மேற்கூறைகள்
Crimean Tatar,கிரீமியன் டாடர்Name
Si Sa Ket,thailand. kgm
‹ (#8249;) Single Left-Pointing Angle Quotation mark,‹ (# 8249;) ஒற்றை இடது- குறிக்கும் திசை மேற்கோள் குறி
File Downloader,கோப்பு தரவிறக்கி
Delete,சட்டத்தினை காட்டு
(SOLDIERS SHOUTING IN KOREAN),(சிப்பாய்கள்கொரியமொழியில்கத்தி)
He just wandered in off the street. This is a fucking showroom!,- அவன் தெருவுல சுத்திட்டிருக்கான்.
BAILER,Constellation name (optional)
I've read quite a bit myself.,நான் மிகவும் ஒரு பிட் நானே வாசிக்க.
Destroyed,அழிக்கப்பட்டது
"""%s"" cannot be unlocked","""%s"" ஐ பூட்டு திறக்க முடியாது"
Disable batching of geometry in the Cogl Journal.,Cogl இதழில் வடிவங்களைத் தொகுப்பாக்கம் செய்தலை முடக்கு.
Mapped,வரைபடமாக்கப்பட்டது
Yeah. I straight hustle.,"ஆமாம், நான் நேராக தள்ளு"
Stop,& நிறுத்து
"They measure not Allah His rightful measure. Lo! Allah is Strong, Almighty.",அவர்கள் அல்லாஹ்வைக் கண்ணியப்படுத்த வேண்டியாவாறு கண்ணயப்படுத்தவில்லை நிச்சயமாக அல்லாஹ் வல்லமை மிக்கவன்; (யாவரையும்) மிகைத்தவன்.
Your names,தங்கம் அருண்EMAIL OF TRANSLATORS
Eagle Wing,கழுகு இறக்கை
Today only,இன்றே துவங்குக
Pyeongyang,பென்சின்வேனியாworld. kgm
"Those who have said that the Messiah, son of Mary, is God, have, in fact, committed themselves to disbelief. (Muhammad), ask them, ""Who can prevent God from destroying the Messiah, his mother and all that is in the earth?"" To God belongs all that is in the heavens, the earth, and all that is between them. God creates whatever He wants and He has power over all things.","திடமாக எவர் மர்யமுடைய குமாரர் மஸீஹ் (ஈஸா) தான் அல்லாஹ் என்று கூறுகிறாரோ, அத்ததையோர் நிச்சயமாக நிராகரிப்போர் ஆகிவிட்டனர். ""மர்யமுடைய குமாரர் மஸீஹையும் அவருமடைய தாயாரையும் இன்னும் பூமியிலுள்ள அனைவரையும் அல்லாஹ் அழித்துவிட நாடினால், (அதிலிருந்து அவர்களைக் காக்க) எவர் சிறிதளவேனும் சக்தியோ அதிகாரமோ பெற்றிருக்கிறார்"" என்று (நபியே!) நீர் கேளும்;. வானங்களிலும், பூமியிலும், அவற்றிற்கு இடையேயும் உள்ள (பொருட்கள் அனைத்)தின் மீதுமுள்ள ஆட்சி அல்லாஹ்வுக்கே சொந்தம்;. அவன் நாடியதைப் படைக்கிறான்;. இன்னும் அல்லாஹ் எல்லாவற்றின் மீதும் ஆற்றலுடையவனாக இருக்கின்றான்."
& Delete,உரையை அழி
Move ~a onto the six of spades.,ஸ்பேடின் ஆறு மீது ~a ஐ நகர்த்து
and who preserve their trusts and their covenant,"இன்னும், அவர்கள் தங்கள் (இடம் ஒப்படைக்கப்பட்ட) அமானிப் பொருட்களையும், தங்கள் வாக்குறுதிகளையும் காப்பாற்றுவார்கள்."
"He said: So it shall surely be forbidden to them for forty years, they shall wander about in the land, therefore do not grieve for the nation of transgressors.","(அதற்கு அல்லாஹ்) ""அவ்வாறாயின் அது நாற்பது ஆண்டுகள் வரை அவர்களுக்கு நிச்சயமாகத் தடுக்கப்பட்டு விட்டது. (அது வரை) அவர்கள் பூமியில் தட்டழி(ந்து கெட்டலை)வார்கள்;. ஆகவே நீர் இத்தீய கூட்டத்தாரைப் பற்றிக் கவலை கொள்ள வேண்டாம்"" என்று கூறினான்."
The height of the pixmap bound to this texture,இந்த அமைப்பிற்கு பிணைக்கப்படும் பிக்ஸ்மேப்பின் உயரம்
So it's a year and a half earlier.,எனவே... ... அது ஒரு ஆண்டு மற்றும் ஒரு அரை முன்பு.
Allocate extra space for the child in horizontal axis,கிடைமட்ட அச்சில் சேய்கான கூடுதல் இடத்தை ஒதுக்கவும்
Debugger Frontend,டிபக்கர் பிரான்டட்Comment
You cannot get married until then.,நீங்கள் அதுவரை திருமணம் செய்துகொள்ள முடியாது.
The color of the stage,நிலையின் வண்ணம்
"No, I apologize. Yeah.","இல்லை, நான் மன்னிப்பு கேட்டுக்கொள்கிறேன்."
Close this window,இந்த சாளரத்தை மூடு
"Not frivolity will they hear therein, nor any taint of ill,-","அங்கு இவர்கள் வீணானதையும், பாவமுண்டாக்குவதையும் (கொண்ட பேச்சுகளைச்) செவியுற மாட்டார்கள்."
S.R.I. made inquiries... but the Kenyans weren't all that much help.,"ஆனால் நிரூபர்களிடம் இல்லை அனைத்து அந்த உதவ,"
Whether pressing return causes the activate signal to be emitted,திரும்பவும் அழுத்துவதால் ஒதுக்கப்பட்ட சிக்னல் மீண்டும் செயல்படுத்துகிறது
Thus does God seal the hearts of those who do not know.,"அவ்வாறே, இந்த அறிவில்லாதவர்களின் இருதயங்களின் மீது அல்லாஹ் முத்திரையிடுகிறான்."
We are not skint.,- நாங்க இல்லாதவங்க இல்ல
Disable use of the fixed function pipeline backend,நிலையான செயல்தொகுதி பைப்லைன் பின்புல முறைமையைப் பயன்படுத்துவதை முடக்கு
Contrast,வேறுபாடு
Sweeper,ஸ்வீப்பர்GenericName
We're just driving around.,நாங்கள்இருக்கிறோம்சுற்றிஓட்டுநர்
metadataeditor,தரவு தொகுப்பான்Name
"We would have been the chosen servants of Allah.""","""அல்லாஹ்வுடைய தூய அடியார்களாக நாங்கள் நிச்சயமாக ஆகியிருப்போம்"" என்று."
The rotation angle on the Y axis,Y அச்சின் சுழற்சி கோணம்
Burn _Several Copies,_S பல நகல்கள் எழுதுதல்
Grid,நீலம்
"There is no fault in the blind, and there is no fault in the lame, and there is no fault in the sick, neither in yourselves, that you eat of your houses, or your fathers' houses, or your mothers' houses, or your brothers' houses, or your sisters' houses, or the houses of your uncles or your aunts paternal, or the houses of your uncles or your aunts maternal, or that whereof you own the keys, or of your friend; there is no fault in you that you eat all together, or in groups separately. But when you enter houses, greet one another with a greeting from God, blessed and good. So God makes clear to you the signs; haply you will understand.","(முஃமின்களே! உங்களுடன் சேர்ந்து உணவருந்துவதில்) குருடர் மீதும் குற்றமில்லை முடவர் மீதும் குற்றமில்லை, நோயாளியின் மீதும் குற்றமில்லை உங்கள் மீதும் குற்றமில்லை நீங்கள் உங்கள் சொந்த வீடுகளிலோ அல்லது உங்கள் தந்தைமார் வீடுகளிலோ, அல்லது உங்கள் தாய்மார் வீடுகளிலோ, அல்லது உங்கள் சகோதரர் வீடுகளிலோ, அல்லது உங்கள் சகோதரிகள் வீடுகளிலோ, அல்லது உங்கள் தந்தையின் சகோதரர் வீடுகளிலோ, அல்லது உங்கள் தந்தையின் சகோதரிகள் வீடுகளிலோ, அல்லது உங்கள் தாயின் சகோதரர்கள் வீடுகளிலோ, அல்லது உங்கள் தாயாரின் சகோதரிகள் வீடுகளிலோ, அல்லது எ(ந்த வீட்டுடைய)தின் சாவிகள் உங்கள் வசம் இருக்கின்றதோ (அதிலும்) அல்லது உங்கள் தோழரின் வீடுகளிலோ, நீங்கள் சேர்ந்தோ அல்லது தனித்தனியாகவோ புசிப்பது உங்கள் மீது குற்றமாகாது ஆனால் நீங்கள் எந்த வீட்டில் பிரவேசித்தாலும் அல்லாஹ்விடமிருந்து உங்களுக்குக் கிடைத்திருக்கும் முபாரக்கான - பாக்கியம் மிக்க - பரிசுத்தமான (""அஸ்ஸலாமு அலைக்கும்"" என்னும்) நல்வாக்கியத்தை நீங்கள் உங்களுக்குள் கூறிக்கொள்ளுங்கள் - நீங்கள் அறிந்து கொள்வதற்காக, இவ்வாறு அல்லாஹ் உங்களுக்கு(த் தன்) வசனங்களை விவரிக்கிறான்."
Cursor Color,கர்சர் வண்ணம்
- How are we gonna get enough money in time?,நேரத்தில் போதுமான பணம் எடுப்பாய் இருக்கும்?
Lissajous loops. This one draws the progress of circular shapes along a path. http: / /en. wikipedia. org/ wiki/ Lissajous_curve Written by Alexander Jolk; 1997.,இன்னும் ஒரு லிசாகியஸ் வடிவம். முன்னேற்றப்பட்ட வட்ட வடிவத்தை பாதையின் வழியாக வரைகிறது. அலெக்ஸான்டர் சோல்க்கால் வரையப்பட்டது.
Size,தலைப்பு
Angle z tilt,z தலைப்பு கோணம்
Exchange Card %1,1 அட்டையை பரிமாறு
& Mike. McBride;,& Mike. McBride;
- What?,- என்ன?
These settings determines when the filter is applied to text.,பணிகளின் உரைக்கு அலங்காரத்தை பயன்படுத்தும்போது இந்த அமைப்புகள் வரையறுக்கிறது.
Shows the properties dialog for the currently selected item(s).,தற்போது தேர்வு செய்யப்பட்ட கோப்புகளை கம்பேர் கொண்டு ஒப்பிடுக.
Name,பெயர்
"Unless by Our benevolence, to reap advantage for a time.","நம்முடைய கருணையினால் சிறிது காலம் அவர்கள் சுகிப்பதற்காக (விட்டு வைக்கப்பட்டாலன்றி),"
Green means ready,பச்சை என்றால் தயார் என்று பொருள்
General,பொதுவான
Do you think it made any difference?,நீங்கள் எந்த மாற்றத்தையும் ஏற்படுத்தவில்லை என்று நினைக்கிறேன்?
south,தெற்கு
General,பொது
"%s is free software; you can redistribute it and/or modify it under the terms of the GNU General Public License as published by the Free Software Foundation; either version %d of the License, or (at your option) any later version.",%s இலவச மென் பொருளாகும். நீங்கள் இலவச மென் பொருள் அமைப்பினால் வெளியிடப்பட்ட ஜிஎன்யு பொது அனுமதிக்கான இந்த %d பதிப்பு அல்லது அடுத்த பதிப்புகள் விதிகளின் படி நீங்கள் (விருப்பப்படி) மாற்றலாம். அல்லது மீண்டும் பறிமாறலாம்
Device,சாதனம்
Adjusts the saturation of the image coming from the camera,கேமிராவில் இருந்து வரும் படங்களின் தெவிட்ட மட்டத்தை கட்டுப்படுத்துகிறது
Is used to notify that the table summary has changed,அட்டவணை சுருக்கம் மாற்றப்பட்டதைக் குறிப்பிட பயன்படும்
Searching/ Replacing Strings Table,தேடுகிறது/ தொடர்கள் அட்டவணையை இடம் மாற்றுகிறது
- ( both grunt ),- (இரண்டு கிரண்ட்)
Center Z,மையம் Z
_Quit,வெளியேறு (_Q)
Accessible Table Row Description,அணுகக்கூடிய அட்டவணை நிரை விளக்கம்
_Hint,"_உதவி குறிப்பு_New"" is for the menu item 'Game->New', implies ""New Game"
Name,பெயர்
table cell,அட்டவணை அறை
Breaching the genesis chamber is a Class B crime..,மீறினால்ஆதியாகமம்அறை ஒரு கிளாஸ் பி குற்றம் ..
"Say, [O Muhammad], ""Do you argue with us about Allah while He is our Lord and your Lord? For us are our deeds, and for you are your deeds. And we are sincere [in deed and intention] to Him.""","அல்லாஹ்வைப் பற்றி நீங்கள் எங்களிடம் தர்க்கிக்கிறீர்களா? அவனே எங்கள் இறைவனும், உங்கள் இறைவனும் ஆவான்;, எங்கள் செய்கைகளின் (பலன்) எங்களுக்கு, உங்கள் செய்கைகளின் (பலன்) உங்களுக்கு, மேலும் நாங்கள் அவனுக்கே கலப்பற்ற (ஈமான் உடைய)வர்களாக இருக்கின்றோம்"" என்று (நபியே! அவர்களுக்கு) நீர் கூறுவீராக."
Don't worry about it.,அதை பற்றி கவலைப்பட வேண்டாம்.
Who Needs Enemies?,யாருக்கு எதிரிகள் வேண்டும்?
Enabled,செயல்படுத்தப்பட்டது
Please wait while the project is loading.,திட்டம் ஏற்றப்படுகையில் தயவு செய்து காத்திருக்கவும்.
And from Our creation is a group that shows the truth and establishes justice with it.,நாம் படைத்தவர்களில் ஒரு கூட்டத்தார் இருக்கின்றார்கள். அவர்கள் சத்திய வழியைக் காட்டுகிறார்கள்; அதைக் கொண்டு நீதியும் செலுத்துகிறார்கள்.
Would you like to burn the selection of files across several media?,நீங்கள் தேர்ந்தெடுத்த கோப்புகளை பல ஊடகங்களுக்குள் விரவி எழுத விரும்புகிறீர்களா?
Open Project,திட்டத்தை திற
Plugins,செருகல்கள்
ZARTAN:,ZARTAN:
_Contents,உள்ளடக்கங்கள் (_C)
"SRI had no luck, so they asked us to take a crack at it.","செம்மை நெல் சாகுபடி, எந்த அதிர்ஷ்டம் இருந்தது, அதனால் அவர்கள் நமக்கு கேட்டார் இது ஒரு கிராக் எடுத்து,"
Specify:,உருவகைகள்
Zoom In,ஆழத்தை குறைக்கவும்
"Had these (idols, etc.) been aliha (gods), they would not have entered there (Hell), and all of them will abide therein.","இவை தெய்வங்களாக இருந்திருந்தால், (அந் நரகத்திற்கு) வந்து சேர்ந்திருக்க மாட்டா இன்னும் அனைவரும் அதில் நிரந்தரமாயிருப்பர்."
Could Not Delete Original File,அசல் கோப்பினை நீக்க முடியவில்லை
& Mike. McBride;,& Mike. McBride;
Move ~a onto the ten of diamonds.,டைமண்டின் பத்து மீது ~a ஐ நகர்த்து
Fragment shader,பகுதி நிழல்
Lars Doelle,லாரஸ் டொயல்லெ
_Contents,உள்ளடக்கங்கள் (_C)
Small,சிறிய
And withhold things of common use (from others).,"மேலும், அற்பமான (புழங்கும்) பொருள்களைக் (கொடுப்பதை விட்டும்) தடுக்கிறார்கள்."
"CCT, we're approaching..","சிசிடி, நாம்நெருங்கி.."
Height of the actor,நடிகருக்கான உயரம்
The number of vertical tiles,செங்குத்து ஓடுகளின் எண்ணிக்கை
International,சான்றிதழ் தகவல்
"♪ BABY, LIFE'S TOO SHORT",", வாழ்க்கை ♪ குழந்தை கூட குறும்"
Add,ஏ. கே. ஏ
Close,மூடு
Whether the current stream is seekable,தற்போதைய ஸ்ட்ரெம் தேடக்கூடியதாக இருந்தால்
